image_name,pose_class_name,l1,l2,l3,l4,l5,l6,l7,l8,l9,l10,l11,l12,l13,l14,l15,l16,l17,l18,l19,l20,l21,l22,l23,l24,l25,l26,l27,l28,l29,l30,l31,l32,l33,l34,l35,l36,l37,l38,l39,l40,l41,l42,l43,l44,l45,l46,l47,l48,l49,l50,l51,l52,l53,l54,l55,l56,l57,l58,l59,l60,l61,l62,l63,l64,l65,l66,l67,l68,l69,l70,l71,l72,l73,l74,l75,l76,l77,l78,l79,l80,l81,l82,l83,l84,l85,l86,l87,l88,l89,l90,l91,l92,l93,l94,l95,l96,l97,l98,l99,l100
opticalhsvb131.png,down,475.43594,308.29789,76.09534,471.22704,292.87926,70.62015,473.65765,288.76703,70.44408,476.13197,284.63681,70.46177,466.97899,301.21765,97.27527,466.18919,303.54034,97.21831,465.40001,305.82837,96.91766,483.33549,285.85572,72.5817,478.63972,305.31959,191.41447,495.30067,307.76469,81.55501,489.36428,318.79485,115.60262,541.63811,292.89274,-26.2441,548.4502,354.2881,269.11016,534.977,430.11964,-149.46024,619.09218,425.07129,362.00348,536.82152,572.64527,-204.08718,686.72272,456.34229,363.37139,535.1601,590.33172,-255.20824,689.66751,496.84493,350.50686,525.35328,585.8723,-233.9167,688.41415,493.53564,319.3255,525.49755,583.63143,-196.751,685.76324,487.03397,349.45484,769.2926,323.50878,-33.02002,755.51346,391.97794,32.79286,914.25041,318.90051,-197.08908,863.22189,436.53432,-317.1958,1076.35147,356.44489,-37.1915,1027.99988,467.50457,-156.05191,1088.45413,367.79484,-23.95097,1045.13474,464.12254,-140.88408,1158.937,347.55215,-157.15475,1079.86877,490.83447,-288.02563
opticalhsvb144.png,down,417.45773,391.84456,-278.03045,415.01945,369.20779,-273.90915,419.08691,363.23015,-274.11356,423.3802,356.51287,-274.31957,407.96959,382.97228,-238.5697,408.10543,385.83869,-238.54553,407.77481,389.78291,-238.64513,443.84327,343.74285,-196.34623,429.59839,383.41513,-40.49748,443.69911,386.79445,-246.90632,434.23717,402.55958,-201.33524,517.94971,359.08378,-277.12646,529.01909,408.1381,197.10291,563.59692,449.30675,-417.3484,588.49316,476.55031,258.88367,552.30793,554.58504,-512.16499,604.3383,551.31356,68.09075,550.74028,584.19319,-582.6667,603.59169,565.26074,53.60011,538.45848,583.50663,-563.21281,595.99865,567.29549,4.94088,544.669,573.30583,-506.56765,598.24913,560.86626,41.34626,760.91537,361.60323,-123.96361,759.83139,411.73827,124.11063,933.95111,438.46981,-268.39956,910.56526,494.21469,-45.79738,1080.35263,482.19526,-83.63794,1034.15543,515.1721,118.60106,1104.81155,476.67824,-69.88764,1094.65515,507.27984,129.62023,1118.0349,536.53956,-188.49829,1105.532,560.84261,0.26548
opticalhsvb189.png,down,469.58115,312.91738,-280.67713,460.93922,297.34643,-271.39942,463.17593,292.15612,-271.5649,454.65004,285.3458,-271.66927,455.57541,309.60649,-254.09616,453.73787,313.43655,-254.19205,451.89735,317.27805,-254.4178,478.31482,277.28175,-165.80236,459.11732,318.68619,-89.42857,489.11598,308.08005,-236.25116,481.88858,324.1079,-214.8274,568.24577,264.44665,-157.10925,518.40588,381.15057,37.1688,630.89733,332.32087,-295.64648,566.42506,458.15739,-52.5926,571.38927,404.54711,-464.12689,578.4679,465.74337,-350.58952,563.3905,429.39978,-525.42686,586.33308,473.38453,-406.84006,547.52052,421.09999,-512.61364,577.93274,461.31184,-424.61029,551.47877,415.06807,-460.27637,578.256,456.50974,-366.008,768.32596,372.77131,-52.29572,736.02112,444.11098,52.28952,902.11098,441.30162,-146.77687,883.76579,491.3661,-79.51917,1039.63768,486.63803,131.66075,1033.18932,517.08385,183.44666,1055.99258,490.75516,153.04593,1052.89162,514.16479,205.57131,1098.23593,508.32414,7.19519,1086.19896,546.18968,50.12033
opticalhsvb277.png,down,398.5791,371.95742,-255.60228,396.72913,349.18357,-263.43151,400.99937,342.90508,-263.63461,404.6328,337.3551,-263.80314,389.92512,357.32697,-214.9831,388.7743,358.60223,-214.98228,387.21268,359.1889,-215.08596,430.82577,318.34969,-231.20367,404.8365,348.86866,-13.65613,421.8895,367.5925,-237.93312,412.73865,377.08005,-174.8806,507.80865,339.78782,-334.14936,504.97665,365.98158,241.14052,552.95418,454.80017,-527.58293,560.14626,447.14832,424.44061,541.36162,575.71861,-654.89433,570.50056,528.44934,406.33186,542.48955,604.83543,-736.04332,567.63287,539.80272,420.50251,525.16041,607.07677,-703.3403,560.54882,540.4861,367.99171,536.13617,592.08253,-644.74472,565.02216,538.65289,383.9468,772.1888,380.72597,-161.91198,758.72871,426.62122,161.86682,947.35527,456.60493,-229.44462,913.64067,468.81967,125.64285,1092.93602,479.74926,51.11592,1069.15878,483.04194,353.08201,1113.32718,467.74455,76.62794,1094.62891,475.0987,373.27572,1141.67137,548.08229,-21.27001,1093.00552,535.13782,271.26196
opticalhsvb29.png,down,434.66953,445.92682,-56.28917,414.73953,441.51611,-86.06254,415.69393,439.18675,-86.1764,416.1557,433.15259,-86.20893,414.36764,443.90568,-33.50272,415.39101,442.93635,-33.5341,416.03241,442.35236,-33.72296,435.36098,401.93014,-152.86044,431.3652,422.9581,81.79051,450.95596,446.13766,-76.45549,450.6921,449.24838,-7.95325,510.88753,387.03216,-279.58612,540.8857,413.6183,245.0448,563.47069,460.18939,-438.65562,619.14619,484.03187,324.31892,551.91475,559.97911,-531.27441,642.7578,553.16681,209.67667,547.86976,572.38182,-600.46062,642.46025,563.20398,209.85577,539.86675,569.11622,-574.58855,632.28241,565.60222,158.53714,541.95061,562.62849,-523.83492,632.33513,562.65625,184.31913,772.9184,379.8874,-173.52917,775.62485,408.17295,173.55305,962.95822,467.82553,-226.77704,927.30042,488.84079,228.82793,1136.72073,492.82479,-218.22083,1083.00339,486.38844,353.76892,1162.94189,483.67631,-222.58394,1105.66086,472.86933,362.52197,1181.25465,570.89313,-362.0966,1113.87985,547.95281,284.77848
opticalhsvb78.png,down,451.95057,328.25754,-390.68489,451.35544,303.40157,-392.84157,455.55107,297.73374,-392.97104,459.07722,293.46396,-393.05264,438.77373,320.33594,-358.05164,436.89934,323.05628,-358.14671,433.88966,328.47175,-358.35026,473.52409,281.16211,-315.53524,443.70247,324.91634,-162.10157,474.51992,321.93063,-354.41868,460.75756,340.70063,-310.94019,545.37697,288.5431,-366.8655,514.59129,370.1351,33.84029,591.87447,386.06957,-491.59088,588.73055,432.66006,-24.15644,537.83192,478.9373,-487.36374,598.9785,412.49989,-287.29498,529.91096,513.79173,-541.41731,604.38576,408.69256,-332.57652,520.05638,513.07371,-529.12834,596.68415,398.33272,-337.56096,524.37538,500.11946,-479.86637,597.84504,398.2931,-297.15387,785.65239,358.90529,-120.20259,753.48862,430.34061,120.11513,905.66826,407.19864,-57.65177,913.97858,467.75743,20.22095,1020.62164,430.27705,319.0707,1073.45444,492.23428,315.67005,1034.65149,422.76335,352.15279,1102.687,483.08357,339.75765,1071.71776,481.0144,222.51244,1107.7916,551.83425,183.41959
opticalhsvb82.png,down,428.983,350.10546,-129.49475,421.75812,329.72874,-149.8569,424.50798,325.09476,-150.01593,427.25304,320.5693,-150.12472,417.9554,335.59537,-105.07416,417.88742,335.26885,-105.0456,417.50423,335.09048,-105.11366,448.10562,299.34667,-164.70144,433.69827,316.71505,33.45301,451.06419,347.59281,-128.43809,446.05991,355.25118,-70.46048,525.40932,308.19107,-273.51582,528.52234,332.31244,229.75515,562.04384,444.49533,-352.5769,564.57954,445.3721,299.54489,548.66779,581.50832,-345.02968,553.03474,558.40425,188.03436,533.12691,608.49933,-398.36319,537.19872,573.32166,188.47794,522.6997,600.38674,-365.91,534.00829,570.83137,130.85039,532.14699,594.47133,-331.8285,541.16127,569.8553,158.78778,791.02486,357.28455,-136.98209,785.625,393.99891,136.88353,979.76242,438.90183,-155.53449,958.65715,461.41827,128.16623,1145.87021,499.27025,-53.24565,1129.53712,506.53586,227.6729,1160.48691,494.29829,-49.34995,1149.30138,490.91347,233.11478,1177.90344,583.47814,-175.56803,1152.8141,572.43761,127.59193
opticalhsvb847.png,down,498.61767,344.92811,-381.37718,490.1416,325.71931,-396.28902,494.31999,318.75357,-396.28391,503.86147,315.64502,-396.30711,484.14715,336.03152,-366.31046,483.62404,339.16885,-366.44588,483.38745,342.19895,-366.6082,517.23274,309.54471,-384.19815,499.0694,330.75173,-252.92923,518.49541,341.26833,-370.50278,510.04547,353.97149,-332.98676,594.39564,324.17773,-416.05305,554.21673,371.87841,-91.3419,652.73254,429.08671,-412.80247,595.37342,454.02975,-42.52509,652.57469,515.85265,-392.0435,592.10808,513.77538,-139.87849,656.71448,538.75176,-439.41296,585.67528,524.97306,-157.59825,643.48099,532.48634,-435.83714,578.92811,527.64729,-200.49772,644.15024,525.10966,-389.57821,586.19946,523.03539,-160.37525,770.20042,359.1073,-99.84696,753.08113,395.34383,99.57779,843.65311,406.31763,-207.06593,869.18945,438.85643,197.26616,993.80272,431.13364,-4.15765,989.40033,439.26859,412.62806,1014.19167,425.10005,14.12383,1006.48636,432.45651,434.07692,1036.54984,482.35765,-87.2792,1024.77882,467.9684,362.84519
opticalhsvb85.png,down,433.61832,380.39153,-476.791,428.05428,362.50677,-496.55418,431.62846,358.78768,-496.50875,435.23209,355.13741,-496.6254,421.6198,356.63348,-468.27141,420.30975,356.85619,-468.47897,418.70338,357.38152,-468.59112,457.43137,337.47977,-501.10001,429.62555,357.12514,-376.21677,455.67226,376.66227,-469.87644,444.51687,373.5058,-434.10797,528.80806,360.02232,-498.85391,474.58633,347.78052,-204.49879,578.48866,466.05326,-524.14467,479.41017,414.57497,-30.01778,543.8398,557.86931,-533.65845,470.59059,463.98817,30.35875,538.42804,582.72652,-589.34155,454.43928,468.24044,37.78483,527.6989,580.62804,-572.02381,457.50572,472.07831,-1.20518,530.62767,574.12813,-528.08098,467.74952,471.45497,17.53943,680.65826,377.06258,-104.4462,636.91181,370.21587,104.07255,748.83057,448.28008,-17.48169,678.41354,443.49378,413.89511,865.30289,456.09505,95.69239,746.54861,450.91839,695.79788,884.78897,442.68723,107.9617,758.41415,444.44336,726.28952,877.83966,510.29812,48.85674,760.66048,484.54595,738.67828
opticalhsvb853.png,down,443.91102,440.78191,-154.2557,438.8092,423.86644,-174.51597,441.80882,416.34931,-174.63152,447.30377,420.36532,-174.76044,433.98895,431.40358,-132.67673,433.48557,432.41887,-132.69254,432.61917,433.57351,-132.76013,465.04189,402.42675,-211.55416,457.68585,415.63056,-26.38347,465.38345,434.44855,-163.41736,459.35841,444.53293,-109.83469,543.74992,404.79435,-291.94927,532.13135,415.75381,122.65985,633.43666,452.49295,-361.04568,597.69733,461.65353,228.90751,606.30981,550.47259,-363.78593,595.52898,504.27954,197.52512,596.54572,569.02433,-409.94289,591.79359,511.22088,202.81773,582.02393,562.42919,-384.51324,582.91954,514.03154,166.25385,584.84428,555.48047,-352.84817,586.66725,513.00685,180.74783,764.8774,421.94186,-130.74495,749.4902,428.24647,130.78905,897.41974,464.84326,-118.52527,872.55409,464.30368,257.0702,1017.15897,439.90305,19.13696,962.95921,432.85455,433.64422,1031.46118,422.41947,33.38898,975.22491,420.61732,452.38617,1052.85011,478.7277,-22.46259,991.13091,457.75802,435.54443
opticalhsvbb112.png,down,195.83786,330.23173,100.98752,187.53359,321.84789,112.8977,187.51528,317.97051,112.8264,187.56306,314.06535,112.79004,188.22939,330.07088,127.551,188.70514,332.70058,127.44266,189.20456,335.3269,127.23482,196.46624,304.48059,170.95465,198.09797,333.5384,236.10147,209.24553,323.79606,121.09846,210.02459,335.3355,139.73938,235.1573,273.50039,92.98372,266.29023,363.26436,263.65335,208.86114,275.17956,-89.6258,319.35089,391.86147,146.20318,187.89997,334.72018,-119.09682,305.76519,379.53356,-43.45875,184.80591,346.27265,-146.52948,311.84362,375.00196,-73.61323,187.72604,344.42473,-129.51723,299.49158,372.81796,-79.63277,194.34832,340.20519,-114.94843,300.15375,373.80209,-51.06311,436.32908,273.03411,-81.52794,453.10669,332.53266,81.45465,443.82961,313.049,-266.28788,501.35441,388.48206,-126.20312,620.19981,347.08426,-283.47912,672.76749,387.95248,-193.41974,645.3508,343.17886,-286.98355,700.67375,371.01311,-203.56085,680.62874,378.92927,-361.93768,726.02425,438.50023,-301.09791
opticalhsvbb168.png,down,226.15797,398.7208,-227.94556,211.44958,384.9554,-236.83533,211.67316,379.88045,-236.88942,212.00104,374.833,-236.93192,210.26178,394.59505,-201.12377,209.76318,396.85304,-201.15635,209.29552,399.10759,-201.30188,219.52694,357.25387,-203.58084,214.98829,388.99502,-44.63112,243.11577,388.49433,-210.70387,241.51896,401.03737,-164.99933,290.32223,333.69817,-266.40497,303.00903,396.23604,118.74277,330.14011,395.21268,-329.30069,345.46593,454.84132,84.86742,274.077,454.6431,-251.19284,275.44048,462.13466,-118.71014,260.5957,469.93122,-285.59505,256.84879,463.8423,-152.38649,254.14259,464.3975,-278.80329,248.06244,461.47453,-160.38252,261.15078,457.58005,-245.11618,254.91016,458.3015,-130.0477,533.37074,321.2335,-128.69024,538.69514,352.13561,128.63657,695.77255,356.35314,-114.3589,704.75914,383.27162,160.65502,868.75412,367.82772,34.72236,867.78366,383.19441,294.03355,898.74039,357.39783,42.06,895.23628,369.32894,301.21195,906.11923,415.54657,-94.23035,905.20599,432.22421,186.38634
opticalhsvbb201.png,down,892.677,447.75759,-189.53505,905.37712,439.37571,-243.79946,905.1413,433.41318,-243.81559,904.76318,427.51184,-243.92014,904.1687,456.12702,-239.46987,902.33025,449.52158,-239.63108,900.78781,458.51243,-239.86973,890.02602,410.95472,-386.69052,884.63028,461.05353,-365.28126,876.8811,434.49434,-224.20296,870.12421,443.39593,-217.93894,813.87955,340.7691,-359.33334,796.83533,507.70436,-313.74456,729.12567,327.80184,-123.94346,752.75124,520.50502,-67.57569,719.61685,364.62383,92.73767,788.05275,495.15102,195.71491,712.4852,363.81419,96.92181,790.29221,496.96527,206.05038,721.23993,377.30999,69.81014,802.26639,489.11837,183.89448,721.23329,381.7231,89.19842,799.37439,483.0894,194.74791,547.25952,354.49113,-49.7101,548.1794,466.52395,48.80357,488.52371,295.53542,488.6301,490.01675,456.32289,632.50782,450.16655,371.08804,824.75838,431.57352,454.20107,953.49106,434.67098,393.70962,871.09032,416.16829,460.09704,994.70482,466.02486,375.54952,952.40814,426.51863,436.39468,1068.3522
opticalhsvbb373.png,down,815.13687,426.018,150.04446,826.56822,421.04317,101.8393,827.15584,414.24139,101.8458,821.98318,408.03939,101.86023,827.18376,434.08751,113.18693,827.55165,437.5573,113.18075,828.33939,440.91718,113.06095,821.34018,402.91655,-58.5852,820.56564,448.97681,-9.59495,804.99557,419.24201,101.93935,803.96713,431.57164,115.58104,757.9924,368.2576,-154.77777,749.71519,487.28266,-28.64046,790.23529,319.30434,-269.7608,760.53062,482.06416,-165.25679,861.48819,347.59817,-343.72654,794.61151,487.54522,-337.07298,879.90295,346.39706,-374.78333,799.52484,493.66271,-369.17336,880.23232,362.11169,-376.93352,803.95958,490.50818,-358.57533,869.29382,366.09655,-344.60957,799.1806,483.49414,-337.01458,535.50117,372.09307,-60.02341,535.66383,461.38879,59.11839,454.36176,289.48972,108.26392,433.20854,444.41882,225.01085,368.29178,342.48666,-124.46519,322.62032,456.72415,-140.61949,363.35213,367.91217,-145.09763,306.21481,462.38434,-175.84482,338.13148,330.07344,-128.28108,279.81329,448.33029,-194.04104
opticalhsvbb486.png,down,303.6944,209.08034,401.09055,291.11689,202.33293,383.44822,289.89115,199.87201,383.51074,288.74004,197.40994,383.53523,293.59608,203.36528,415.27622,293.89202,202.66271,415.25265,294.23222,201.88451,414.98104,288.95405,180.44649,311.83262,295.65472,184.78094,454.31019,311.12194,199.16046,375.87696,313.54183,202.51481,417.39796,318.93864,154.62418,141.49778,355.29018,154.74973,473.40775,410.35515,199.7155,19.57959,445.93983,215.10619,503.26679,405.28419,261.33767,-5.57352,474.66431,312.31187,507.16404,407.36904,278.19282,-29.48875,483.44173,335.88698,515.98335,399.804,274.53394,-11.4285,478.80062,345.37585,484.75838,402.94579,267.79516,0.98741,475.85354,336.71817,492.36542,493.71658,189.59722,-103.21196,522.46777,188.65403,102.90181,582.45831,353.16861,-200.90021,612.6075,295.35076,-80.22859,737.75261,402.94041,-393.25432,771.56136,350.08145,-226.88471,773.39096,397.87382,-413.50082,804.41994,349.27563,-247.82043,756.70006,444.73815,-462.86602,795.83023,391.53025,-323.82149
opticalhsvbb502.png,down,376.86829,432.71585,-96.047,360.3067,415.73609,-75.61392,360.19627,407.66015,-75.73651,360.19405,399.65206,-75.90842,360.18784,435.88235,-62.33597,359.89162,447.37041,-62.24881,359.74461,449.32657,-62.43571,371.10043,383.27544,50.01914,369.44317,449.11028,112.74955,394.86206,412.34655,-47.19715,394.10072,435.83635,-29.84986,446.01265,350.61718,37.46669,461.69353,469.46043,179.90234,480.3949,330.85263,-167.35949,466.61484,474.38639,146.23545,390.80109,398.32585,-157.23819,367.20871,404.12199,209.55803,365.79861,413.4363,-173.05023,339.95083,387.06345,191.55281,368.39558,406.67014,-136.71541,347.30999,392.61742,226.41575,382.43412,404.20868,-144.41874,360.63976,395.03785,217.99164,745.19974,373.46014,-56.54203,744.98718,455.6662,56.55437,923.91586,408.02613,-190.85371,935.79475,466.90268,-32.82315,1136.64047,424.89568,-166.43879,1131.65634,464.34003,38.00202,1164.83376,420.86696,-169.38625,1157.45255,453.92658,39.10348,1208.75137,450.16098,-335.933,1206.38695,487.76018,-115.66938
opticalhsvbb572.png,down,244.24927,165.78629,318.35571,232.24865,153.14497,299.26062,231.83254,149.77171,299.08062,231.46814,146.4514,298.96662,234.1222,156.24572,332.88231,234.77644,156.52519,332.87231,235.45073,156.72246,332.50641,237.92194,129.85832,246.40127,241.74265,142.65286,391.65237,256.50097,158.91005,300.51891,257.81961,165.3035,342.92625,277.5622,125.75451,75.41256,313.72076,132.7592,452.6701,392.83085,170.68456,71.30286,414.55963,196.48889,403.85357,430.61474,221.79987,207.54641,425.34058,234.10026,246.45935,448.3284,236.07433,206.36204,434.84463,241.8235,239.55143,439.30534,231.44619,206.3413,424.28909,246.9229,222.6454,435.85091,224.12088,215.15446,419.90757,240.91194,234.2473,508.12149,156.434,-107.2161,529.76601,166.54707,106.86849,641.17813,278.60114,-182.55411,647.22603,291.97068,-23.5818,834.57985,301.99807,-349.85065,830.24323,293.0815,-148.3156,869.29901,292.35941,-369.47628,861.93451,278.26069,-166.82251,889.25369,343.31537,-419.30698,882.32582,346.90421,-219.50424
opticalhsvbb576.png,down,506.34083,339.61463,-190.50177,490.7185,331.60126,-218.45585,490.28633,328.1599,-218.37662,489.9144,324.71638,-218.41932,489.52019,334.76612,-186.37709,488.57994,334.56161,-186.45489,487.65358,334.37237,-186.63673,492.07493,303.87124,-262.10749,488.97346,315.21172,-120.00773,519.00185,326.19073,-199.8703,518.38509,332.49292,-158.85588,553.68469,263.16009,-282.38846,549.55719,287.76217,-3.50951,600.07622,280.87829,-248.6635,636.94923,308.22564,90.94914,544.33666,351.01887,-68.48771,660.02243,326.31167,61.50447,535.05756,370.48121,-71.05892,674.49722,330.7562,57.06449,527.88979,367.46997,-58.27751,667.40028,331.87888,28.93277,534.01794,358.46099,-57.2159,665.05478,330.41845,49.87825,763.70178,231.7432,-104.8635,752.36443,253.50137,104.67612,821.67488,351.52355,-154.2764,824.571,368.0471,39.39646,989.81323,372.16693,-98.06791,980.57899,385.81062,107.54296,1018.20221,361.29797,-91.32139,1005.6012,372.10582,115.05166,1026.8251,424.22406,-136.04637,1023.34137,437.42173,81.67359
opticalhsv149.png,up,375.22193,286.01192,17.15312,367.70661,286.14982,-3.34157,367.64934,286.57434,-3.34023,367.61078,287.03702,-3.33818,367.22856,283.10102,11.23427,366.89423,281.40169,11.24566,366.58156,279.64671,11.24149,369.64169,282.42602,-60.4623,368.24243,271.87174,4.73955,380.95232,284.07695,0.9907,380.67457,281.10286,19.54299,401.65826,284.85475,-115.10972,396.93879,251.30854,31.38057,427.16615,327.52341,-182.20024,406.98527,274.62095,-46.15154,378.18886,331.74093,-185.12199,367.65853,279.30365,-187.54305,364.15054,335.07943,-206.42889,356.33347,278.09621,-204.65738,361.51948,327.36448,-192.23766,354.17877,279.32221,-201.87429,367.71096,326.09631,-179.04563,359.09365,279.63052,-190.08277,515.92684,276.62976,-53.94814,519.39309,258.30465,53.66514,539.439,267.33959,-60.93216,560.76485,268.14955,154.71118,629.1783,251.72376,-141.84051,626.64402,254.51423,127.17783,640.54632,245.80052,-149.87918,635.75936,249.36301,123.40995,661.84214,250.38568,-196.82862,653.02076,260.84046,87.95078
opticalhsv313.png,up,352.22379,283.91004,-1.67408,345.31366,277.55651,10.77473,345.58497,274.4428,10.72806,345.86784,271.35069,10.69641,344.52361,285.48171,14.51342,344.18931,288.04499,14.48638,343.87206,290.59759,14.44347,350.73064,265.3866,75.9849,347.65553,292.34548,90.28334,361.76197,278.67082,22.33421,360.66126,289.03564,26.04582,395.77168,244.41258,66.60676,385.87552,318.36725,113.46234,457.14708,245.08947,-59.84765,426.07169,349.16471,10.5531,428.87988,284.83932,-186.14766,413.77154,344.31965,-142.67501,425.5348,296.51868,-213.61639,412.64179,346.13445,-170.75794,415.27108,296.12042,-197.80462,406.35772,341.43617,-168.50138,417.97784,294.4905,-181.30232,408.92195,339.03528,-145.47775,500.41801,263.57091,-16.49572,495.16137,308.09692,16.58091,541.51536,247.69592,-267.18248,511.66896,318.55645,-254.34024,640.83646,243.85686,-250.77214,607.11268,301.25058,-185.56866,652.55953,245.74591,-251.64135,619.05672,294.01351,-179.59475,680.57767,240.51438,-347.31153,643.278,311.95767,-259.86475
opticalhsvb110.png,up,490.70847,482.88478,-269.3642,480.84332,470.66563,-275.49374,481.44867,468.32829,-275.45918,475.42736,460.53833,-275.48853,480.81055,475.43198,-244.69584,480.92541,482.41027,-244.82855,480.43327,484.17967,-245.03294,485.29861,446.59003,-235.42902,484.82758,475.4824,-93.93641,506.99631,472.04089,-248.56224,505.29793,483.27991,-208.71359,544.12819,429.73907,-269.87936,548.69591,492.79565,45.69039,543.75061,513.53969,-366.55239,556.85127,529.57526,9.94476,471.45416,558.01131,-321.38515,490.81886,515.91569,-151.16239,453.8208,569.23552,-349.56078,473.61603,511.07669,-175.37567,450.58716,561.08783,-335.38734,470.28687,508.75287,-179.1877,458.59772,558.01208,-313.36803,476.49128,507.59887,-159.07904,764.86046,427.56429,-113.3484,767.33566,477.14374,113.18948,888.40202,472.00557,-268.08924,920.44235,501.51442,3.46555,1001.83907,448.8433,10.38689,1078.58093,488.35404,155.6644,1004.18839,432.62512,34.65828,1099.34677,474.19365,165.32696,1074.97902,488.72882,-73.97508,1124.32701,534.06438,37.70225
opticalhsvb114.png,up,489.81506,460.41641,-689.24622,480.90019,447.50198,-699.03313,482.32506,443.14874,-698.9901,483.86757,438.80746,-699.1423,478.09875,456.808,-668.40004,477.52609,459.43412,-668.6171,476.98479,462.04329,-668.83041,494.21085,427.45854,-615.72929,485.04341,457.8666,-474.9799,506.56971,455.82018,-645.77324,503.45253,467.49049,-605.85716,560.4369,420.66655,-558.40553,545.83534,473.16364,-204.47016,609.78966,481.2289,-623.38432,598.93353,485.16955,51.71664,557.13055,521.15458,-688.76099,576.22154,465.83078,148.17343,543.51513,528.21098,-740.02281,574.55254,457.81767,163.19832,537.84088,522.37166,-742.84714,566.04561,459.59853,121.94385,544.51973,520.65265,-690.16373,567.14375,462.86546,137.02314,776.0746,414.89722,-150.67449,766.87248,454.88561,150.96736,950.30823,472.01304,-232.86018,933.67737,477.59225,137.70244,1124.51157,486.09335,-79.10901,1097.26425,471.88562,381.28761,1143.56705,469.92555,-72.31462,1123.97598,455.32322,398.93528,1165.15724,545.23674,-268.98657,1127.83279,531.28552,241.17369
opticalhsvb117.png,up,419.92737,411.85628,-237.23925,415.24437,395.72574,-250.68939,417.49977,391.76414,-250.80431,419.87694,387.79065,-250.91084,411.94824,402.35826,-210.4121,411.7239,403.82511,-210.46013,411.48323,405.25741,-210.65317,448.13797,374.26875,-244.6273,426.92802,398.57622,-64.33348,440.26539,409.79025,-229.68737,436.11992,419.53513,-177.87649,522.64027,374.60345,-310.59254,501.61697,430.68775,123.57581,599.9807,454.63649,-400.47348,568.1731,475.83886,269.00446,551.38264,557.02804,-460.16151,577.97371,511.92813,216.8865,548.32691,581.01943,-520.75737,581.21086,521.33925,216.71728,528.39153,573.02864,-500.17166,572.83569,519.56019,177.10264,533.72032,563.16703,-452.27501,573.31245,515.75227,198.90272,761.42097,400.45471,-128.07429,744.6096,456.2647,128.01851,932.98615,442.96806,-170.15949,897.98424,512.00868,84.98651,1074.04808,469.84783,127.91117,1039.27467,514.25457,373.04424,1084.93332,461.99428,153.13947,1056.2114,501.62995,397.27314,1143.52493,518.25209,20.52618,1083.53592,544.66473,289.99645
opticalhsvb123.png,up,415.214,369.34031,-97.33691,410.30579,346.17933,-115.4868,413.30841,342.28135,-115.66243,417.67143,338.86894,-115.75522,404.93294,353.01712,-65.21096,404.13433,353.30853,-65.19548,402.88651,353.73148,-65.36444,441.19362,321.99713,-143.0705,417.98843,343.38374,82.87422,439.47414,371.61379,-103.24774,430.32413,377.97136,-38.2473,528.70476,328.25603,-255.71522,521.30604,371.36858,247.94062,557.67414,447.67098,-366.11748,584.02771,445.45402,337.97951,539.96239,575.22534,-387.33955,630.92548,503.55268,243.95832,527.63062,607.85023,-450.49995,637.14241,508.07184,240.58529,516.77299,600.26061,-427.69787,631.31348,506.9221,191.72489,526.06567,591.23564,-378.01514,629.95758,504.88122,220.50962,778.97392,356.31971,-121.92608,758.47351,420.32649,122.00836,897.22664,391.09715,-460.64293,897.97859,503.76035,-72.89068,973.9019,432.46153,-126.18936,1058.69003,500.66165,67.47138,975.35927,430.3155,-91.22807,1104.76952,490.13979,76.98065,1020.21774,475.84946,-167.4402,1100.93651,540.5276,-46.81118
opticalhsvb126.png,up,446.76998,336.29359,-208.68464,434.84531,312.26224,-211.26043,442.612,311.04715,-211.44062,446.78288,301.45557,-211.49645,434.24709,326.60012,-172.0734,432.92278,328.92345,-172.13953,431.65062,331.25616,-172.34837,468.79463,288.29342,-182.10421,446.25374,322.75203,-7.51711,471.52672,330.3137,-195.98412,463.94928,344.52207,-145.45125,545.36476,286.43295,-285.23651,546.4558,368.1767,156.70607,560.25116,408.46215,-424.7776,613.52379,443.21744,180.88676,520.16033,524.73943,-428.44414,675.47234,480.71065,-46.28605,513.70079,555.95017,-491.59573,692.81532,489.8687,-83.46167,502.40921,547.65159,-466.24306,687.78816,479.21041,-120.43046,509.17675,536.17405,-418.13824,682.27081,473.20802,-68.86155,795.44083,343.7789,-123.4013,780.72159,410.45184,123.39484,939.42017,425.82707,-170.11293,909.338,481.21297,-95.78223,1076.3031,466.35899,98.71886,1071.49269,482.87101,137.10951,1092.99118,460.99817,119.91194,1097.73056,470.72382,155.91809,1124.05685,523.1535,1.00082,1117.14462,523.38429,18.37267
opticalhsvb13.png,up,399.14173,401.83036,-233.91481,396.67706,379.6757,-245.08823,401.56601,375.47017,-245.25896,405.2515,370.74793,-245.35429,392.60956,387.01259,-196.05225,393.15796,387.69872,-196.08431,393.37093,388.54222,-196.20171,430.36049,353.76496,-244.59757,414.51202,381.30627,-23.93749,420.03414,403.92849,-230.08429,417.07199,412.4259,-166.24672,516.57562,357.10669,-359.73068,520.50598,395.73299,171.09043,559.18041,460.88252,-522.6659,606.1742,466.83294,305.10227,548.33473,572.75977,-615.62511,656.22902,540.71184,243.72253,543.7022,602.55431,-694.30046,662.13997,554.93287,237.56901,522.55318,597.68925,-670.65964,658.8092,552.51961,186.13384,530.51685,586.56358,-609.44359,658.16086,546.51197,219.46081,782.57095,383.08326,-164.1247,772.79114,420.6932,164.00808,960.82397,450.87886,-96.33537,943.94867,460.44718,225.16878,1115.30556,484.76139,149.35789,1105.47806,457.29582,470.64018,1133.78685,461.38947,170.67255,1123.77953,447.68098,492.30061,1142.5238,541.92741,55.50789,1130.61317,517.3343,394.04709
opticalhsvb1396.png,up,561.42761,475.25469,-673.79913,570.83508,485.27646,-686.71463,570.6361,488.65415,-686.7382,570.52528,492.06262,-686.73393,571.91689,473.97539,-690.59265,572.36073,469.74458,-690.85175,572.78419,465.4848,-691.14166,571.29295,492.32603,-629.75536,574.84417,454.01786,-651.94031,556.88282,475.03351,-639.64771,558.34801,461.63027,-646.09283,571.3343,483.11412,-476.05469,558.13728,408.33173,-476.24054,588.77575,552.37151,-439.36996,548.53374,407.85074,-447.97527,588.14064,593.87691,-498.58608,510.74738,429.12714,-553.79265,592.1743,614.04408,-543.2859,504.07444,430.25349,-600.50812,589.31652,604.63253,-567.54372,502.94243,439.47145,-617.40459,585.64339,593.15692,-509.83627,504.77882,440.65158,-562.34032,629.29371,458.92712,-6.29756,620.81676,431.81458,6.3319,642.75864,511.86341,-25.78855,675.05501,442.72954,-83.62382,692.12883,573.13378,178.00161,773.00003,511.10016,102.94955,699.75052,579.47233,192.84014,786.30379,519.62581,118.35495,691.75446,599.56555,99.79722,796.9442,535.37124,2.30877
opticalhsvb163.png,up,490.56068,497.36288,-330.28046,481.29532,489.77592,-318.64597,482.09934,486.08215,-318.63438,482.96501,482.37409,-318.72517,478.84708,500.13474,-317.38211,477.94296,503.84301,-317.48165,477.05402,507.55699,-317.77187,488.87497,479.48898,-204.40067,481.12663,513.27722,-200.51655,503.51196,494.01484,-281.99549,500.42587,506.54311,-281.69422,530.53009,460.71652,-152.31829,541.81915,544.84776,-118.13374,538.05107,483.82433,-160.21479,556.98418,542.06208,-165.66925,474.17343,534.20905,-125.65106,507.75711,516.32356,-211.41956,456.63723,547.22051,-140.99024,495.8902,510.00552,-239.19445,455.34168,542.39154,-135.35765,495.69809,514.301,-237.19164,463.70415,539.79229,-123.25565,501.30978,514.50026,-214.94801,726.14632,436.67144,-27.59848,735.23338,505.56348,27.46705,853.08868,442.67186,-188.56909,886.11931,542.95545,-99.05977,924.15527,481.18259,182.16465,1019.01367,532.67881,134.98106,926.93275,488.06325,217.77264,1031.73325,520.89611,155.6046,973.10989,486.4886,135.61415,1077.51663,539.94618,26.51423
opticalhsvb167.png,up,500.89355,475.17521,288.8039,497.21909,476.00816,260.73727,497.41684,479.01678,260.75802,497.60468,483.62177,260.77942,499.04404,468.99768,254.0613,500.67734,462.12157,254.00322,500.76538,460.40452,253.84153,507.8968,495.70149,158.81554,508.48701,456.68102,128.74288,511.21273,481.42639,261.44901,513.27995,469.70836,251.89676,552.78999,534.02254,113.00543,547.79594,426.08757,64.92207,474.59702,559.00536,202.92154,457.18193,421.74012,69.37053,401.56311,537.98671,272.43389,370.89058,433.18834,108.32521,384.32426,541.70473,259.12888,352.10396,427.75912,89.26954,385.07149,529.90635,256.35532,353.19817,436.16379,83.05977,393.46973,526.9612,271.43295,360.34615,440.32469,107.06894,759.57245,504.02398,-13.21896,751.48537,420.62561,12.46412,929.29138,521.56889,-7.71379,868.6026,443.21474,152.0151,1071.95862,505.98998,-117.69367,969.48372,442.13379,177.41661,1085.7341,492.68854,-128.73073,977.97935,442.11594,181.85112,1135.52101,532.0913,-224.99123,1024.41086,458.41677,134.41759
opticalhsvb171.png,up,461.45592,452.98305,-153.98717,455.51662,445.20606,-186.68528,456.88248,444.76489,-186.61415,458.37296,444.405,-186.62319,454.50958,443.53613,-154.08567,455.2655,442.21314,-154.20415,456.02688,440.76106,-154.34683,476.76521,438.89398,-261.9482,472.82833,431.49267,-114.98902,477.80754,455.72225,-172.8845,477.16145,455.1895,-130.80518,548.41621,469.87161,-300.38677,529.15722,416.95686,17.37928,544.44435,548.64512,-270.06536,508.21827,479.73055,174.83717,450.32009,558.01887,-141.86613,435.02678,523.96618,212.09179,424.70222,562.55364,-169.47475,413.82706,529.46351,220.01564,421.69617,547.67558,-160.52309,412.65324,532.34107,184.49772,432.08038,546.28083,-135.78836,421.32278,533.334,199.0275,760.13359,447.45598,-129.76194,740.10765,419.29605,129.57273,922.02759,502.71927,-179.00503,819.43314,448.29755,379.42917,1071.08994,508.61854,-189.48469,877.24213,426.46935,690.41214,1086.31027,496.19978,-189.23071,883.95645,416.25472,723.79173,1121.24977,546.52154,-269.09481,905.74142,438.64773,761.11824
opticalhsvb179.png,up,394.01928,388.0905,-200.07214,392.15439,362.77615,-215.52971,396.28849,356.39893,-215.76086,399.41204,352.80374,-215.90776,387.10876,369.20221,-164.04936,386.92112,369.67621,-164.04509,386.47972,370.58593,-164.17751,423.63811,334.80646,-229.24061,403.33557,360.43495,1.2205,412.52693,385.89593,-201.12095,419.75433,389.83063,-134.35644,506.25477,354.54304,-346.88793,516.06354,385.02261,193.37605,558.38722,460.28801,-514.22504,592.49981,460.5794,327.81647,543.84472,573.82991,-606.92097,629.66621,537.61725,279.39526,543.18184,597.50304,-686.24771,632.8352,549.65896,277.76449,524.67205,600.67157,-659.80698,627.89532,548.26919,228.46849,532.35096,589.95561,-598.83614,628.24516,544.5428,255.84719,768.61244,391.26838,-145.28479,758.80554,430.8516,145.30113,937.68265,447.26895,-162.50483,926.48209,464.62113,147.94574,1079.71176,458.05272,207.82463,1079.95361,469.68484,440.03937,1095.07019,448.68567,242.10899,1102.93114,459.97614,466.32729,1134.75487,512.85832,139.65605,1111.92764,522.76661,348.17913
opticalhsvb18.png,up,456.59077,346.83477,-159.81468,445.71087,329.06585,-186.70918,447.31529,324.72809,-186.87923,449.02084,320.40746,-186.98076,443.93578,333.55518,-140.63663,443.96683,333.69796,-140.65973,444.01375,333.81864,-140.82174,465.19409,301.01041,-231.21098,458.00301,317.25486,-24.82289,478.36708,341.19945,-168.24476,475.58228,348.81377,-108.54139,552.37469,303.18925,-345.1664,546.59168,333.03208,163.76614,577.49672,431.42821,-448.04382,578.40759,419.27785,293.33935,530.4348,555.89644,-451.13029,568.82088,459.18521,232.75682,523.82458,583.32373,-512.18468,563.13873,461.27717,229.70833,513.31451,567.87691,-493.0904,555.27794,458.6986,192.53006,520.90038,556.64918,-442.14806,559.25343,459.00784,214.52448,807.06947,368.41952,-153.66811,784.7744,414.67419,153.67307,974.29245,456.25041,-148.32105,922.83623,464.47238,263.9537,1140.53452,483.26343,4.51928,1067.51442,458.93635,507.86819,1164.99344,469.57343,15.6335,1089.33365,445.45582,530.4887,1183.936,561.8188,-111.28708,1108.41446,506.13293,466.48239
opticalhsvb182.png,up,413.74763,350.57038,-240.54752,409.58317,327.92621,-244.80282,413.28629,321.82564,-244.97961,417.60895,316.5156,-245.12402,403.50388,339.81687,-202.71093,402.81471,341.8776,-202.7751,401.48903,344.04159,-202.86488,437.76733,304.29245,-204.56238,415.84713,340.00396,-16.58836,432.7034,348.85971,-220.75987,426.81736,361.27862,-166.33862,518.27221,316.24454,-306.56239,511.73058,361.46603,215.99737,548.70678,443.0039,-442.68517,560.18883,449.5378,345.7618,537.99721,562.20586,-484.62978,551.87553,493.69803,279.4519,528.78273,588.8571,-544.68761,545.56366,499.08584,281.48266,511.32217,583.8915,-523.20404,538.04192,494.61239,251.29671,519.71901,570.91076,-475.81547,543.39245,492.6751,264.83877,774.25911,381.5835,-159.51376,759.29855,434.62918,159.40761,961.7012,457.92831,-169.95382,932.71255,471.04646,125.01534,1129.20494,473.53392,-16.18312,1097.54417,460.73081,301.31336,1153.86208,456.73011,-4.36012,1123.15323,446.14281,315.71539,1177.04727,545.18585,-121.23619,1138.95264,510.32859,218.84163
opticalhsvb243.png,up,424.78867,516.97858,-147.03482,415.59971,505.50774,-134.84152,416.81152,501.0693,-134.94753,418.10349,496.64949,-135.02042,412.70973,516.28026,-115.79854,411.89865,519.25786,-115.82233,411.08826,522.19314,-116.01031,427.5119,485.74204,-31.03755,418.00964,521.90221,52.72059,441.5551,511.24444,-105.56789,438.10585,523.60857,-81.65222,488.07873,460.29114,-67.80007,488.01682,557.70314,149.87592,529.43825,494.84619,-300.44586,536.69788,564.86914,48.8247,523.02502,572.46717,-509.26571,530.77003,553.1278,-146.14286,525.02453,586.85853,-577.94121,531.80164,548.89618,-172.95525,517.099,587.06569,-561.31054,524.3148,553.19505,-188.65437,519.95888,582.56026,-506.91742,526.68446,554.17391,-157.66466,699.77592,451.93934,-48.24007,718.30215,537.02318,48.55626,782.53304,446.1202,-603.9785,873.69606,530.18333,-29.12588,902.70271,479.29479,-403.29487,1005.03891,525.1718,164.77152,918.29468,483.29956,-384.98665,1034.88358,501.19221,175.35471,969.04221,489.32616,-542.21062,1075.38803,535.25146,5.07716
opticalhsvb249.png,up,479.94278,461.80073,-35.5732,483.97984,460.43156,-45.48705,484.04919,461.30755,-45.54186,483.22365,461.84936,-45.53108,483.68107,458.30575,-35.80203,468.79433,457.14107,-35.89069,466.52534,456.01695,-36.09943,478.97476,453.80908,-39.60006,473.8578,452.15598,-1.28174,494.30271,463.54739,-27.2946,493.37715,461.97746,-16.91517,529.01684,472.17075,-79.32065,533.0677,476.19664,55.43936,499.25362,504.50588,-112.81115,542.76787,490.4163,-54.89336,439.39411,501.82727,-77.59154,521.22963,471.71199,-262.32473,426.40297,501.29877,-105.97562,524.3996,465.12148,-303.54343,427.24834,494.80546,-109.98251,517.34795,462.14869,-313.35133,434.01871,493.46466,-79.37567,517.06043,464.96758,-272.74195,756.87149,461.68508,-49.26192,755.28503,482.8553,49.31605,901.94496,478.92971,-142.79837,901.59378,506.10417,-45.81529,1040.47546,466.56223,29.89551,1043.18741,511.07218,105.31272,1054.30679,461.68756,41.25473,1061.34056,503.41982,114.88176,1097.44629,477.7897,-91.98198,1090.74661,524.40602,-24.2473
opticalhsvb253.png,up,391.73065,449.4636,-257.1195,383.80741,430.35275,-269.13006,387.07966,426.27807,-269.32861,388.43842,422.90514,-269.47668,381.29147,439.69036,-226.69271,381.09535,441.25844,-226.72647,380.90633,442.75898,-226.87592,410.80437,406.15069,-251.93333,397.09484,434.26359,-58.84777,414.74693,445.80726,-245.04442,410.91286,456.84564,-189.92237,504.29581,405.42181,-331.87527,488.79326,461.43248,158.80476,589.62769,491.89692,-518.2412,556.24798,497.48437,325.66681,526.71791,575.17226,-640.12688,501.15601,521.06669,322.12986,510.30518,597.36035,-705.87349,482.91428,522.75099,327.42172,492.11777,584.85426,-687.75566,474.48868,525.26549,300.90734,501.02409,577.41737,-635.67425,482.32468,523.75319,308.91565,766.18988,444.07841,-153.78421,750.73959,509.46805,153.92377,957.06924,478.19336,-151.66048,919.82834,518.57786,129.91386,1104.98009,485.98941,180.34931,1076.46286,495.48576,413.57079,1102.48596,431.60048,208.05695,1095.15305,480.19867,435.49583,1167.83127,512.40745,56.78305,1140.29907,526.14714,298.08376
opticalhsvb257.png,up,391.63269,393.16747,-324.641,392.07748,372.14899,-317.79556,396.82007,365.3627,-317.99835,401.26408,358.84392,-318.13248,383.48019,386.63391,-284.66257,383.14175,391.91078,-284.71676,382.67845,397.02702,-284.88125,422.547,348.87452,-228.83492,398.14491,407.27095,-80.95654,414.10622,388.44038,-288.66653,406.51367,409.97389,-246.51094,506.80721,354.17023,-309.81806,492.48146,449.25958,144.80024,561.55235,486.29638,-380.05852,575.22736,524.08944,77.89067,537.19574,556.52232,-361.46141,576.94366,499.40088,-236.06543,531.16539,574.07903,-415.12836,581.02943,490.83867,-284.86542,520.20958,561.76756,-417.64992,568.24352,483.18575,-297.01366,525.27069,553.26286,-360.46726,569.26689,483.44436,-251.06678,764.46983,405.84294,-135.08734,754.68132,483.65808,135.08957,952.27371,455.26601,-205.06851,926.54526,524.57798,15.56681,1107.88574,492.53799,115.94062,1090.29152,499.55842,316.55689,1131.72287,474.4148,138.42585,1114.14406,482.61519,340.43911,1153.34572,544.41011,-44.82349,1132.97165,542.77568,192.26967
opticalhsvb259.png,up,388.46024,391.5033,-200.58733,382.85774,373.65498,-229.10156,384.42871,370.3208,-229.30492,386.09123,366.97331,-229.44992,377.65327,379.20758,-172.3074,378.67256,380.13519,-172.31359,379.52503,381.25683,-172.46727,407.87537,349.88923,-280.07092,404.74854,358.90079,-22.91561,410.15335,389.85475,-213.19765,409.31541,394.7852,-139.14538,502.5074,359.11092,-394.67777,499.94453,393.12258,186.60284,557.26147,484.75104,-497.40791,553.16986,470.77369,406.60301,535.90076,576.07747,-518.2473,559.60327,533.66127,446.45416,534.93347,596.09332,-589.91138,558.71025,545.05916,457.43607,513.00697,597.95485,-580.38719,552.24281,541.35565,412.45399,518.52776,588.12175,-514.86713,553.14919,538.67821,426.22288,764.35432,408.36083,-159.34893,744.10019,467.63233,159.43361,946.5287,461.36295,-222.06253,914.72527,511.44894,191.34045,1075.77408,450.33774,255.97652,1075.17311,504.87976,521.85524,1081.80252,448.03001,302.66537,1097.08153,491.65737,551.28315,1150.40207,500.00908,206.0849,1114.76013,543.79509,434.40914
opticalhsvb262.png,up,408.18848,366.64802,-118.84359,399.74224,342.98548,-143.56812,402.58698,337.5527,-143.79727,406.52969,335.08307,-143.93306,395.88314,348.49755,-93.34351,395.58159,348.85334,-93.32689,395.14786,349.75366,-93.48043,426.41411,317.05479,-190.16819,417.35088,333.48954,33.68725,427.95715,368.06744,-129.29998,423.92197,375.32936,-64.63807,510.72754,319.88023,-311.43856,515.42469,361.36333,205.21294,546.46767,447.80067,-395.53371,590.46791,443.29259,294.26945,546.62403,568.71483,-374.87358,651.27411,508.4758,212.33574,539.18983,595.789,-434.2802,659.64706,515.64503,205.87513,523.02845,597.41451,-405.06077,656.94695,512.31604,160.71302,530.58155,586.33686,-362.24304,655.21889,510.24138,189.89998,769.27666,394.11259,-152.73561,757.78786,422.39539,152.58848,945.65956,454.0143,-116.93099,915.47272,462.41356,195.34254,1117.70676,479.6185,85.31784,1070.07713,460.46113,406.16684,1127.41562,472.34396,101.81659,1093.89381,450.01549,425.95257,1156.3649,549.53321,-7.95432,1105.3611,502.103,343.88248
opticalhsvb378.png,up,450.01534,500.84425,-194.59833,446.76666,484.62749,-188.56178,447.97783,478.45523,-188.64315,448.23536,472.55219,-188.74018,436.65413,496.39947,-160.61674,435.31181,499.7521,-160.6933,434.00963,503.08529,-160.89006,459.6653,461.34334,-115.98039,440.85976,498.51966,10.19715,467.60994,493.85845,-166.54026,462.57103,509.28472,-130.56102,521.31073,445.94544,-164.35928,521.1211,524.14415,172.83981,511.13731,509.90334,-238.16406,524.97936,554.78374,351.01906,469.30031,561.71087,-121.41131,484.85054,551.14336,448.46508,457.18468,572.56661,-140.83227,472.18555,552.42884,454.0535,459.50447,562.08338,-138.34192,474.54304,550.7021,447.11605,466.45443,558.74225,-120.06492,479.75067,548.04002,442.51083,751.66946,440.31637,-107.95899,758.4951,499.99874,108.03981,864.10934,488.27654,-321.94504,904.49997,525.24493,-21.35595,1013.08121,490.71705,-140.91421,1059.91615,508.44194,169.39423,1027.77687,480.42672,-124.99791,1079.92264,494.29082,183.02559,1079.91516,527.80702,-241.37758,1111.14403,543.05004,58.33647
opticalhsvb44.png,up,461.64757,504.63909,-74.95012,453.72887,492.16493,-74.02907,454.72122,487.99596,-74.08087,455.81306,483.84845,-74.17729,451.74377,501.27658,-51.19757,451.40839,503.99411,-51.23751,451.10672,506.67679,-51.42329,466.85638,475.88821,-26.83469,459.85077,505.39075,74.36652,475.84709,501.31628,-54.30177,473.29315,513.34416,-25.43786,518.16547,472.75882,-74.72699,527.22485,528.90226,171.60805,514.18102,522.37355,-139.03887,522.16743,563.58979,118.95472,461.7152,561.84043,-59.3222,465.95417,546.20818,20.36184,446.42685,570.96703,-82.66767,451.00529,540.58425,0.64811,446.44917,561.8994,-62.24682,450.96382,541.78399,-0.56939,454.66194,559.45842,-50.6216,457.43343,542.24653,13.08309,742.0005,450.91418,-90.40248,748.11302,490.61354,90.43134,924.09676,488.9043,-185.24244,899.13849,498.00957,33.10361,1051.07521,485.67304,-70.60777,996.61339,507.45875,254.77137,1068.44833,477.4066,-62.59092,1006.60011,502.41839,277.12101,1095.83031,516.22254,-173.54359,1038.94409,528.10103,221.39744
opticalhsvb443.png,up,439.48513,530.47588,-123.72365,428.26687,517.64849,-134.39893,428.98182,513.54612,-134.47458,429.79645,509.48187,-134.57463,426.28906,525.26948,-104.46322,425.70465,527.34345,-104.49197,425.13718,529.36219,-104.66607,437.2253,498.49661,-110.84494,430.14305,524.38796,21.2041,453.18748,526.06629,-108.80136,450.71655,536.45777,-70.93162,486.92997,494.8031,-160.44546,493.12374,534.90706,157.34358,496.72318,517.12556,-255.00574,505.75493,555.54205,204.54784,470.57682,544.39226,-213.99004,474.12746,536.96533,162.22956,462.54486,548.58796,-242.1776,466.4608,530.82182,155.74057,462.26555,544.49525,-229.42791,464.24149,528.94698,145.59168,468.26897,543.16956,-207.51545,468.3823,529.68736,153.9583,718.48671,476.15214,-113.02295,722.95135,501.2153,113.0789,873.76785,499.20742,-158.41435,873.11302,525.68477,78.78769,1020.77484,499.64662,-25.94894,1018.5862,505.70682,211.33297,1044.38553,489.48156,-15.6478,1038.88527,490.56878,222.33288,1057.38487,529.87773,-112.43115,1063.71475,539.41197,141.04297
opticalhsvb47.png,up,438.86127,511.24672,-48.05214,429.11728,496.63413,-68.49294,430.04925,492.70296,-68.60832,431.06682,488.77084,-68.68977,427.57408,500.75546,-23.3978,427.54536,500.68791,-23.43296,427.5293,500.61307,-23.7039,443.21384,468.88833,-96.91126,437.04071,484.50209,107.8215,456.73325,504.53978,-52.10088,455.14709,510.59016,6.87762,511.90208,444.94972,-202.86564,508.77365,502.24866,248.96507,562.51732,504.00557,-421.19999,533.34644,544.09902,318.46104,548.00415,564.05684,-562.89417,500.35229,573.58589,221.86733,535.88524,586.86497,-627.65553,489.6418,578.91679,209.23977,524.6991,583.48826,-614.32808,483.5054,577.32875,179.53144,530.03551,580.74293,-561.25813,489.36749,575.58549,204.00888,739.39499,428.58288,-152.05965,753.48763,504.44198,152.03743,925.74936,469.11102,-313.76637,907.60498,529.07221,-56.95456,1117.05215,490.03212,-287.07952,1088.89999,494.37541,31.6333,1133.77708,454.81287,-288.51406,1115.2977,471.85382,35.40073,1178.45703,548.80898,-442.90588,1128.27171,551.26532,-84.11232
opticalhsvb50.png,up,444.2572,466.6851,-461.87946,431.72485,453.59596,-461.91593,432.55333,447.65815,-461.91032,433.46745,441.75485,-462.05853,429.27864,467.77163,-442.29595,428.43376,472.2238,-442.39254,427.61833,476.63751,-442.63893,442.68677,429.48127,-355.7534,434.37279,475.79865,-265.13159,461.46839,457.23703,-411.76201,458.54843,475.12728,-386.76014,509.01962,415.05391,-307.78315,511.5625,500.3721,-65.25496,545.50312,483.40389,-317.68991,581.39442,510.07526,11.14617,491.22528,509.59572,-262.77409,562.5811,463.60618,-5.69925,474.40292,512.2469,-275.93908,561.21418,452.0196,-2.82347,475.80696,504.68616,-276.62464,555.19585,450.61395,-5.297,484.00375,504.99425,-259.47943,556.36646,452.20993,-5.06669,747.48749,419.7031,-93.51391,751.22055,490.6153,93.45514,864.72458,453.47322,-382.67746,926.47369,494.33095,-2.34146,941.42059,437.98894,42.21794,1096.99562,487.87914,180.26497,937.14119,427.1075,84.88101,1121.88675,473.81621,193.86038,1015.50659,465.75109,20.01382,1160.8638,525.22682,57.1452
opticalhsvb52.png,up,439.92916,454.19455,-362.10716,434.33189,438.98556,-380.43056,436.28967,435.34424,-380.46463,438.35045,431.73733,-380.60257,431.84093,445.01538,-339.75395,431.98601,446.42172,-339.86462,432.14691,447.76205,-340.03948,456.03683,422.13369,-377.46971,447.56695,442.43188,-193.10795,458.8409,454.06391,-353.10566,455.74448,463.21436,-300.33596,536.7165,432.60354,-408.34358,522.94319,464.11408,20.2627,598.92082,500.04659,-444.07413,594.688,491.26718,256.31603,525.58601,533.5639,-431.74297,584.26231,498.86212,333.7611,504.3335,542.06371,-474.79782,583.45215,498.23878,351.61503,495.36385,529.56616,-474.76151,574.02576,497.73156,314.65418,504.60205,526.82452,-431.18839,574.04289,498.67111,320.74215,768.94775,439.63569,-159.79683,759.59473,466.0945,159.91362,940.92178,473.98556,-200.3443,923.04581,492.01159,217.17438,1101.85776,462.50622,-30.82091,1072.15836,481.82186,436.47442,1122.1196,439.52964,-18.74195,1095.53123,466.12754,454.02218,1154.51431,541.48414,-169.25571,1116.77185,529.98296,354.04865
opticalhsvb55.png,up,413.6348,443.68243,-289.08081,407.09099,426.90665,-290.79876,409.08936,421.91504,-291.00586,411.19061,416.91424,-291.16352,406.06804,438.72155,-250.7815,406.37775,440.3649,-250.78871,406.05576,442.30575,-250.96762,431.84166,404.02917,-247.17611,423.35342,436.64998,-63.80128,436.61919,440.27058,-269.54067,433.63354,453.24436,-216.64484,515.77232,393.65889,-324.007,523.61603,475.94687,134.79067,582.17529,483.79437,-525.21076,623.94062,505.74708,215.40543,535.15221,565.33349,-721.81328,655.12245,524.3365,40.34455,524.00848,587.68744,-812.17949,662.68486,526.47544,17.15076,506.96743,578.38331,-791.12419,652.08595,528.07301,-33.50933,514.30183,571.61355,-720.18867,648.84155,525.32819,13.9404,770.78651,415.83213,-160.10283,755.76485,486.61451,160.25742,961.08467,473.67579,-258.44604,917.58713,527.3177,150.12705,1136.77223,494.20508,-137.99106,1073.89061,489.67893,425.31887,1161.49414,461.01706,-133.23023,1093.36159,471.33017,446.52706,1204.03381,549.13123,-316.0054,1117.74742,545.27318,327.22393
opticalhsvb58.png,up,407.26105,426.39523,-114.98281,398.63102,409.0843,-144.93591,399.83856,405.78179,-145.11905,401.14201,402.4837,-145.23936,398.72276,410.57818,-90.62815,399.96288,409.36578,-90.6786,401.19125,408.09776,-90.84463,420.73696,383.71099,-213.07764,420.2256,390.80609,29.59152,428.78372,423.58106,-134.12497,428.92273,427.54167,-63.94729,521.4666,374.4638,-339.46465,519.82483,407.23216,193.38934,570.72044,481.49802,-449.3734,587.85698,476.25436,298.73499,549.11915,568.9149,-469.95945,596.68324,523.78766,231.90248,540.36804,599.13468,-535.72075,593.3564,526.12221,229.96769,523.42579,588.08879,-514.66717,582.81219,526.06337,185.6284,529.82788,580.48084,-463.13305,584.32396,526.90404,209.68464,782.89574,410.1168,-166.83342,765.79025,442.74512,166.93838,961.29425,469.41164,-136.74555,928.76526,477.52946,203.1354,1126.24672,479.89861,77.88693,1082.85873,460.95929,420.88127,1145.86304,462.72706,96.73142,1103.71201,446.10376,440.72399,1177.77039,544.55744,-5.98553,1131.48087,500.15233,363.11333
opticalhsvb62.png,up,397.79099,384.08868,-228.37914,392.62524,361.56529,-249.75357,396.30512,357.54653,-249.94926,399.8774,353.83079,-250.05249,388.72395,366.12505,-191.85972,388.74859,365.61041,-191.85854,388.63132,365.31206,-191.98357,428.23647,336.13529,-289.83021,410.90942,353.0233,-29.00424,421.35376,387.00521,-238.99506,413.63724,391.25057,-163.64586,529.34349,345.54843,-402.62188,522.25517,386.27037,146.014,564.00269,460.13343,-534.12048,613.02238,447.3529,298.8866,541.6378,570.70726,-584.6154,682.01553,504.44683,254.22855,525.90935,593.04543,-665.4763,693.94699,512.3399,246.63034,515.8419,585.92779,-642.46277,692.21161,506.93931,196.8589,521.04866,581.27117,-577.92297,688.45673,503.91287,230.74663,785.22675,385.44339,-158.76192,770.34836,445.71868,158.70262,961.02844,448.01036,-90.42437,931.42685,491.20448,212.95275,1113.07472,475.09767,245.48241,1082.50549,495.5491,534.47548,1133.38646,466.24779,275.63129,1107.02698,483.85652,564.09718,1131.18759,539.98991,154.84072,1111.92406,552.24958,459.12895
opticalhsvb878.png,up,431.6687,440.19771,-217.19648,428.62152,417.80105,-248.71742,432.08931,413.84271,-248.8048,435.08469,410.45278,-248.92775,423.93135,426.43583,-194.4025,424.11285,428.21278,-194.5002,423.89702,430.17088,-194.62206,463.70506,396.42813,-309.86185,442.03636,426.41579,-65.49492,453.25043,441.74935,-233.52196,449.03549,452.13281,-163.63314,546.64101,400.86245,-414.17561,534.18121,446.72204,134.96622,659.57237,479.18445,-442.81902,603.25867,491.17886,209.58086,600.55889,549.38662,-280.12745,551.72039,516.28279,175.10803,583.64563,581.44155,-303.15845,533.76488,520.53399,194.95888,564.24225,567.07628,-282.36994,526.08803,515.0328,179.81581,571.85352,557.60057,-264.96304,534.51477,512.05095,167.63254,802.86942,423.01007,-173.87823,784.86992,444.77961,174.17727,956.0524,477.174,-247.29786,945.6382,473.69609,240.62841,971.58592,399.65957,77.28967,1110.57419,477.39295,398.17764,960.37262,377.65014,116.6259,1139.59976,469.20337,412.23511,1036.73889,414.22933,148.52171,1159.02786,534.68966,377.91111
opticalhsvb883.png,up,430.21851,392.38963,-157.08242,432.74109,372.35846,-171.01049,438.10383,368.75383,-171.16808,443.07636,365.64714,-171.31613,427.2163,383.84917,-122.35631,427.93449,386.80145,-122.40217,428.88222,390.63289,-122.53858,467.48219,354.05758,-178.3374,451.37367,377.07722,38.22942,451.82106,395.00145,-157.02725,446.50826,408.42113,-94.89474,548.09258,363.88972,-275.5871,536.94653,440.72436,186.408,623.9679,469.954,-351.98055,614.84608,503.08405,123.68808,599.27422,560.60215,-347.10083,594.27685,527.95165,-150.66839,589.45335,594.47511,-401.97029,583.84789,528.1815,-176.42599,571.90868,580.05272,-388.6581,572.94701,526.77062,-199.19353,576.3139,570.53963,-339.83105,576.83342,524.74128,-168.74704,804.51691,394.383,-112.3529,787.27386,467.17489,112.45721,913.67279,423.54805,-520.04108,973.74168,496.82116,61.4731,1031.21994,451.68911,-110.03615,1127.65518,512.097,329.62719,1037.02026,448.46749,-70.90471,1154.66934,498.96624,349.79004,1093.76755,486.14107,-176.38805,1195.55679,549.2989,214.20271
opticalhsvb973.png,up,435.23247,518.25557,-157.24785,431.65466,505.40663,-154.446,433.26309,499.05172,-154.59883,437.5692,494.22503,-154.70808,430.55305,515.34123,-121.54443,431.55014,518.17699,-121.58082,432.4995,521.30196,-121.74896,453.6908,481.95378,-103.46648,448.7664,509.77919,43.87886,454.27872,515.50281,-138.41942,456.25977,523.61012,-95.77168,528.3448,465.06174,-159.01423,551.36749,550.65627,168.48972,578.4536,486.57143,-344.60892,647.14417,556.50713,166.46446,558.22121,541.81038,-550.72365,699.46777,547.06352,-0.6126,555.42274,553.20205,-626.67686,715.90202,540.61107,-6.70236,543.22704,550.24085,-609.66942,707.85065,542.76366,-50.63205,547.43431,547.26038,-549.32762,701.44875,543.38709,-20.3673,762.57233,441.27527,-100.91846,773.71613,507.64715,101.26446,883.30986,478.51592,-590.69805,922.04453,521.82518,19.21621,923.03833,489.13412,-250.2853,949.96414,528.80455,383.60039,920.72693,484.22168,-212.51545,949.89693,527.81543,420.58216,953.03368,503.75726,-267.30377,978.02315,536.52669,380.74387
opticalhsvbb131.png,up,214.319,377.59237,-67.2862,191.27884,365.68405,-109.92244,190.34424,360.33062,-109.96333,189.49497,355.00034,-110.06419,178.19805,373.30191,-56.04003,179.27151,372.8422,-56.02775,180.24017,372.76907,-56.1288,188.12096,327.67584,-188.49771,183.80779,349.77334,50.65389,229.87438,360.19016,-85.98385,228.68027,369.3567,-16.7966,272.40856,281.42954,-289.61584,272.71564,331.3459,218.58858,385.58826,397.7492,-239.27118,364.76894,422.12344,196.18214,325.92415,457.18884,50.41452,294.0243,446.5669,31.69181,309.55135,474.89652,52.19063,272.08714,452.89412,16.82002,296.51993,457.86342,50.42943,260.6782,447.16536,17.40651,305.77246,449.64612,60.73062,269.6291,440.69758,24.75694,569.18568,273.91027,-161.82379,565.89897,307.69079,161.82817,787.71484,315.74767,-156.04544,779.91104,357.30854,208.97202,1001.15005,321.12915,-108.40594,975.13626,357.31223,292.40757,1031.84242,303.36503,-106.92958,1005.50415,338.12686,295.64259,1061.13014,381.81803,-215.82376,1032.15355,423.51552,212.49199
opticalhsvbb135.png,up,201.65306,315.14087,-61.30761,184.47498,305.805,-94.96689,184.3737,302.34894,-95.01439,184.43691,299.16422,-94.99939,185.40951,311.41605,-39.31423,185.75287,310.74394,-39.346,185.59467,307.76138,-39.51685,188.87852,274.82699,-159.02369,188.6034,290.6225,88.88681,215.63231,301.66633,-77.33182,216.78631,308.71301,-5.16339,272.03445,226.26834,-265.84629,291.465,294.73739,245.81837,322.71759,347.57032,-373.14697,380.7806,364.48178,227.48999,297.06202,481.63342,-320.86586,373.65837,436.17834,-50.14829,275.17981,475.47927,-366.8898,369.33254,450.72338,-88.48971,263.64588,467.28377,-347.25933,355.29869,446.65338,-116.51519,281.45336,486.95054,-309.47712,357.50847,439.00998,-71.84265,558.15331,234.34372,-148.88184,555.93468,262.87751,148.63294,713.10829,323.0978,-174.85043,718.04657,350.0372,126.7872,902.05925,323.97523,-17.8646,896.98883,348.37865,281.26743,928.23639,307.2608,-4.46459,925.64514,329.5398,296.11355,959.53918,380.66936,-99.69018,946.24863,404.56501,210.88802
opticalhsvbb138.png,up,203.34919,239.06059,-82.44905,186.49487,231.55663,-85.77866,187.061,223.34812,-85.82554,188.13789,219.42375,-85.88468,186.24592,242.52289,-58.80799,186.5337,245.78336,-58.80925,187.61551,253.74071,-58.99741,196.54167,208.94468,-52.14755,197.7393,236.91311,67.14961,219.07326,224.6538,-65.48311,217.70756,241.0118,-31.19031,269.93565,161.78806,-86.31168,287.411,240.79403,126.10999,297.34766,237.71273,-155.91776,358.59898,293.50443,-19.08893,184.0472,289.38774,-31.13565,279.63766,260.01169,-217.81496,152.78857,303.86111,-32.82712,260.58147,249.81526,-247.25777,141.08447,306.02383,-15.85048,251.66256,248.04191,-222.15458,150.83626,302.0972,-19.22159,259.92336,246.44454,-214.54273,538.63636,168.84834,-59.5441,532.46101,226.37554,59.42827,708.88634,205.45107,-136.43934,679.92973,279.95818,-6.37771,873.6718,291.0053,-13.39709,845.81406,310.43694,100.58743,899.98199,297.90753,-7.25592,874.14314,304.21143,109.50746,917.83615,336.33004,-122.5936,891.82556,355.10885,19.00452
opticalhsvbb141.png,up,214.67651,196.29946,-160.70648,198.00106,184.417,-167.54316,199.84524,174.40351,-167.61713,201.55487,168.75094,-167.55442,197.10354,195.9658,-122.29434,197.79503,198.85981,-122.38709,198.57197,202.14022,-122.65638,220.65739,151.02089,-143.69459,213.92857,194.20303,58.01208,238.96313,185.66646,-149.15604,237.0826,206.99985,-90.82173,320.69931,102.85244,-242.63149,342.30644,232.81089,173.57702,368.04367,223.16434,-459.0696,438.4288,318.68593,80.73304,296.98694,303.40554,-561.93836,484.88754,304.16842,-252.92814,286.38531,324.08039,-638.75153,501.52966,319.19772,-312.05578,272.39069,315.19694,-624.49471,489.92325,312.80962,-339.60571,280.63105,309.20855,-559.28448,482.65366,284.36265,-273.88891,660.41534,147.63627,-144.05011,648.30872,235.72015,143.78286,828.22334,227.56346,-367.67433,806.6629,305.9795,-39.04088,1055.77072,282.26231,-206.83571,1018.29597,319.24926,108.59591,1086.12656,275.09785,-199.51368,1053.82278,304.94425,118.64136,1136.70425,353.19749,-385.18581,1080.5864,376.33487,-33.00384
opticalhsvbb180.png,up,194.60356,400.26695,-155.80172,174.27418,389.79372,-162.0647,172.86201,383.82098,-162.18533,171.54831,377.86132,-162.29511,177.12944,402.64996,-128.57974,177.73533,406.08078,-128.57768,178.36243,409.51826,-128.76694,176.39961,357.44598,-106.5569,184.69212,399.5128,43.53648,210.81156,383.24042,-128.60712,214.17253,399.41792,-85.5885,255.06927,299.35062,-145.08095,287.34035,407.80924,187.68719,327.00932,351.81409,-257.75562,389.71786,448.88832,40.46875,269.46499,425.39539,-238.84211,330.26108,449.12667,-298.91703,257.01023,443.22461,-271.88625,318.37635,450.1905,-351.99944,248.52917,437.02781,-266.91742,304.33599,450.82462,-347.52281,255.98408,430.35769,-233.28438,308.87177,445.49887,-308.72595,546.28136,284.27575,-93.32981,554.30492,360.46709,93.40999,748.90732,311.68702,-195.80389,760.839,375.98322,34.84262,954.83734,322.61917,-50.84945,959.0097,363.09055,139.77613,984.25919,318.17756,-47.0472,986.53702,347.54056,141.244,1018.13705,355.48664,-236.94933,1023.76465,394.4321,-27.19483
opticalhsvbb183.png,up,205.09373,379.44975,-112.14534,184.87909,364.48654,-138.41092,184.38368,359.32202,-138.41841,183.94424,354.18634,-138.43493,183.41888,374.12202,-89.74683,183.34864,373.58219,-89.798,182.95153,373.65124,-89.98668,186.32399,326.78814,-160.7365,182.4054,351.23647,56.29625,221.26644,364.04263,-113.37164,220.15343,373.38997,-50.88257,261.52781,279.70535,-227.81029,273.89751,359.39751,186.68945,304.48788,393.7579,-272.36111,339.88228,443.96009,74.31311,253.25211,449.52609,-70.70199,300.40005,453.01214,-215.64594,241.27272,464.81721,-81.88085,290.58905,457.27527,-259.26249,239.39816,452.76649,-84.61006,280.86376,448.6528,-254.80591,247.63655,445.5577,-63.89443,285.92915,442.1092,-224.98114,524.6809,265.83539,-102.27725,527.2575,326.86875,102.138,699.32297,317.00513,-152.55465,712.87125,368.26936,41.92572,898.8929,332.72867,-58.89547,891.41495,364.50701,127.26726,929.55147,327.48691,-57.49979,917.10457,352.01118,130.30451,953.46169,379.94049,-220.36535,923.12469,389.13514,-10.42696
opticalhsvbb186.png,up,190.04833,316.81738,0.8335,173.73253,306.0758,-12.30183,172.6302,299.03968,-12.31961,171.89392,294.01004,-12.31015,175.88932,315.49018,26.79828,176.091,317.40247,26.80452,176.27739,319.39895,26.63786,179.17339,275.96867,-20.52783,180.74032,313.42544,153.21431,203.03646,303.03211,1.373,205.0989,316.8866,51.68862,258.44782,228.04787,-94.88744,279.07623,336.47323,252.38964,230.54251,304.29887,-205.84078,353.78151,407.39339,270.44882,126.25919,364.19133,-150.35696,302.00932,488.21251,107.48991,100.83248,379.93705,-171.30032,296.87313,503.89343,82.57745,104.3428,351.37009,-168.45884,287.12896,504.78873,71.10168,111.91051,348.86201,-147.45288,294.20649,491.81491,94.4434,520.69801,249.17542,-83.10342,519.53056,316.5088,82.96876,681.50131,276.78356,-174.1481,685.7827,349.94521,-20.9425,879.57527,301.11171,-177.34371,868.61084,352.54996,-8.5629,908.38989,299.77076,-185.26451,899.03046,338.79068,-12.75687,937.61612,334.75408,-329.46964,904.04221,391.75529,-133.03757
opticalhsvbb189.png,up,208.85307,266.54819,-194.52429,194.63196,251.93152,-204.61481,194.90833,246.71493,-204.7102,195.25612,241.45919,-204.74121,193.76354,261.25555,-166.88473,193.66161,262.94716,-166.99631,193.58788,264.70916,-167.26299,207.76432,220.68712,-178.57019,204.45343,252.37585,-12.72775,229.53342,255.15846,-181.14428,228.65475,266.93975,-133.11922,296.40034,175.04106,-249.62486,317.1896,285.53012,89.24282,364.37782,249.81312,-366.6103,382.64229,362.47338,-85.57886,300.30737,324.2995,-339.08764,300.42501,373.71317,-394.51286,286.48731,341.63099,-375.61981,279.05872,376.33109,-440.03925,275.2247,335.81242,-361.10825,267.7096,373.46048,-434.51447,282.96545,329.05853,-329.53606,276.66065,368.40806,-402.92103,598.02563,156.08747,-95.36769,606.49475,241.08675,95.26106,772.81456,206.74441,-209.42242,788.70338,324.59336,-36.10395,855.7119,289.66179,250.83628,871.87141,333.9777,412.26742,859.97086,297.54618,297.81513,875.84496,326.64628,460.18883,902.58438,321.74964,259.43893,924.94553,362.65281,440.58235
opticalhsvbb192.png,up,204.43291,222.8741,-112.51029,186.24702,198.94097,-133.2638,186.48643,191.08939,-133.33746,187.14706,183.79837,-133.40883,187.45224,217.48063,-82.81515,188.30967,221.50362,-82.78081,189.04026,225.59373,-82.93889,201.94427,164.23091,-142.52722,201.3628,220.13151,80.22054,229.63715,204.03706,-109.97332,227.27913,226.95979,-45.32935,297.1493,126.95217,-252.3638,316.92417,216.28482,241.93459,303.07026,260.56013,-392.88982,408.06747,323.86361,55.20422,188.92319,319.75753,-285.28299,352.07844,329.86231,-359.1481,143.35396,315.2138,-318.47498,337.472,329.19446,-413.97472,151.55322,317.58612,-305.32688,323.32855,313.8421,-399.61456,169.84055,313.79889,-275.36356,330.72777,307.23391,-367.80495,623.38158,144.04057,-129.45407,618.2489,217.80125,129.42146,804.5784,213.82197,-225.5493,755.32768,306.02331,8.24861,1000.96985,270.04721,-36.45589,956.26587,316.42756,192.7792,1025.84862,262.24088,-24.10466,990.56427,300.28939,207.5379,1074.32907,345.74992,-158.4794,1014.56146,377.64679,101.42138
opticalhsvbb213.png,up,351.85688,446.66797,-74.59872,310.01141,428.00039,-109.87897,310.82264,420.7289,-110.0094,311.59145,415.7009,-110.09917,309.34076,436.0732,-50.27596,309.68481,437.10634,-50.29547,310.4353,438.07151,-50.53029,341.08524,373.57764,-166.38786,335.21107,403.99853,98.89876,368.78975,423.29262,-86.5752,367.84306,432.55744,-9.94271,447.05948,328.82224,-303.77935,473.78464,407.9624,299.30466,509.48753,424.38233,-496.73199,604.75716,492.4165,342.89948,433.74897,477.88266,-533.34557,623.74786,525.72352,130.59057,420.55248,491.90237,-589.53053,638.81634,535.5974,111.29115,406.03226,482.53627,-581.65306,617.48024,525.03478,82.10303,416.84258,476.4843,-528.7838,614.45122,518.49134,111.93011,809.46777,347.26562,-190.1745,795.08011,402.91556,189.68513,1013.32062,456.89748,-288.24457,923.10379,475.05278,200.50526,1157.88918,407.28601,23.79241,1123.48145,446.34353,388.98579,1171.94199,378.49295,58.5815,1154.60342,427.28907,411.19999,1231.54617,466.6839,33.15449,1193.28064,500.88661,379.65759
opticalhsvbb233.png,up,216.84292,369.31752,127.91688,200.13649,367.21488,76.38124,199.93767,366.07973,76.46783,199.88895,365.01603,76.48691,198.33775,365.04024,114.7975,197.19505,362.79898,114.80483,196.00739,360.36916,114.60507,203.12553,351.72966,-69.78592,197.61509,342.95673,101.5897,230.13435,361.6101,85.88466,228.72038,361.63113,135.19667,276.18435,364.92522,-168.06673,252.78839,278.81067,190.37373,344.59885,461.21644,-69.94314,311.85596,355.27343,336.96835,262.59359,460.67094,209.54275,254.22174,375.01505,440.2375,238.67765,463.312,215.84738,238.66255,375.88756,466.60347,235.16174,446.99515,218.8327,234.22428,371.70842,454.98806,247.53168,443.76333,220.51249,241.3505,372.21701,440.8852,548.07808,323.44226,-115.81799,540.76393,262.47284,115.44963,733.64853,379.95289,-68.77512,745.48241,323.7198,189.97902,936.43791,374.83017,-61.14242,941.74797,336.96897,191.65037,967.15179,359.38779,-57.77331,976.41403,327.21002,190.78487,987.07733,403.52242,-84.52786,983.33389,371.46951,143.92366
opticalhsvbb243.png,up,187.13718,202.41632,-75.59877,170.14412,211.88464,-67.72901,173.49564,198.06792,-67.78273,173.70083,195.05191,-67.87313,172.39872,210.47539,-74.83716,172.0145,215.00227,-74.71612,171.61121,219.46675,-74.88142,181.21078,197.97973,18.75822,178.62679,230.46671,-20.23359,205.81177,213.16077,-37.57945,208.18249,223.96138,-48.99503,254.20599,180.9792,26.04472,256.25834,251.74203,36.30193,343.31085,140.73675,45.41038,347.81654,276.60244,-99.31743,347.81952,147.04475,60.26728,324.62337,239.94817,-257.48959,354.93938,144.92408,53.67003,323.00209,232.97732,-285.15377,343.66131,153.2141,50.26243,313.89683,228.84987,-283.10217,345.09457,153.88033,61.58773,318.12809,227.33882,-260.25497,504.45744,177.33908,-34.42699,509.31641,223.64126,34.62562,639.51012,206.41208,-81.14724,660.93941,271.95578,-26.951,822.61932,229.41577,-20.63088,824.59305,282.95698,56.42612,848.44582,230.99006,-19.52697,849.19342,273.76084,63.94973,881.62994,246.05686,-106.7843,876.58401,321.45149,-10.85357
opticalhsvbb293.png,up,361.41159,479.93217,225.76962,349.47174,485.04021,213.5211,347.03781,484.63878,213.5824,344.64596,484.1898,213.53275,352.68044,483.72588,245.16172,352.70718,482.62656,245.16621,352.72591,481.44291,245.08448,333.28209,473.25158,183.84071,343.34579,470.51388,330.79662,360.38185,469.3307,216.79775,364.02611,467.91548,259.14709,328.31665,438.38578,73.29163,369.13277,422.58452,401.82682,375.34737,461.33643,-73.17811,429.06803,420.00406,374.60396,388.68938,490.54861,-138.30462,426.29841,471.40231,249.33767,389.47704,493.53753,-165.50396,422.21252,479.95156,243.88565,389.29138,492.88874,-154.07866,418.61217,486.72309,233.59182,391.78101,490.35021,-133.26609,418.88573,483.19974,240.90977,431.60984,321.39385,-109.95425,468.30292,305.96709,109.75021,421.36272,453.97121,-109.92321,595.05859,375.83216,26.63244,544.88598,486.60619,-109.43374,725.38918,368.32073,-92.80561,568.58528,477.93261,-108.6913,741.50406,352.58168,-107.24832,571.0006,538.05096,-145.94983,764.94644,403.62525,-167.06522
opticalhsvbb301.png,up,288.09942,415.2572,126.14975,265.44094,407.32103,114.51116,264.56844,404.80431,114.48279,262.69068,399.0285,114.45046,267.03426,413.31365,149.53792,267.24808,414.73985,149.48778,267.12978,416.00006,149.29443,266.45672,385.08702,108.65661,270.76654,406.7094,265.98454,302.61023,402.36998,126.59488,305.58094,411.2247,171.8977,325.46013,324.68908,21.87373,357.61383,396.19785,338.97949,400.46013,361.06585,-96.15715,438.46088,434.60554,245.52771,367.71149,423.93983,-76.78426,412.44129,444.64704,20.22252,361.78535,438.00756,-90.25272,411.7881,447.77235,-8.31814,354.35188,433.41974,-77.83877,399.08646,443.97074,-7.31467,361.05286,428.73661,-67.51451,401.14525,440.73514,13.38543,548.22693,320.28166,-111.61929,558.08941,372.46983,111.3375,630.02796,388.87808,-269.47071,590.58807,464.21558,-77.05771,790.1812,458.83734,-317.73066,761.48163,497.3788,-136.71903,813.46291,453.26603,-323.43552,794.20761,483.33188,-146.31108,849.52026,522.70898,-401.12377,807.71317,562.09308,-219.82645
opticalhsvbb342.png,up,252.90352,410.63084,391.07227,240.55573,412.24184,424.44012,237.59911,403.22275,424.44256,236.55369,401.31048,424.31965,244.71786,422.35016,434.59408,245.3186,423.06444,434.58931,245.25627,424.11419,434.394,243.83671,390.66628,540.90473,253.8195,423.61303,585.5468,265.21427,403.23721,429.05865,269.71806,412.51997,441.70063,286.98227,317.1206,469.29829,334.5739,453.9471,548.65612,253.08525,271.40619,174.07398,403.51597,457.67653,328.93398,173.26252,297.51174,-22.74763,371.22459,426.67066,93.58516,153.29144,295.44114,-69.04241,376.20613,417.48897,56.93141,156.66405,309.75583,-39.39795,364.07234,415.16012,66.42564,172.03712,315.13523,-18.14174,363.76846,415.21557,90.34033,494.21417,320.33524,-37.90487,519.49852,419.15717,37.99438,566.7234,342.55622,-526.70662,682.80663,461.25309,-244.90078,835.30914,425.24021,-682.96982,911.58287,490.24695,-389.64542,865.39307,437.87363,-699.59602,937.31262,477.39016,-410.84423,930.35431,451.08228,-878.14842,1006.09116,531.20429,-584.62624
opticalhsvbb390.png,up,312.32052,251.39802,-347.17155,306.17456,216.59705,-339.19014,311.01559,206.69729,-339.3362,315.8926,196.80994,-339.4273,289.92428,248.86207,-300.76502,290.11938,254.2067,-300.70694,290.02985,262.39841,-300.76208,344.0065,178.35368,-239.30828,306.05249,253.05166,-66.66739,351.5049,234.0242,-306.63855,344.23782,266.63853,-256.72272,463.98689,188.96165,-338.53016,434.36066,311.20779,173.60704,563.9254,276.47642,-534.68086,573.39844,366.17487,293.42859,566.86592,383.20862,-756.47675,671.5303,406.78064,117.29704,583.67199,411.88019,-844.03656,703.81119,423.80276,85.10686,556.54644,409.61992,-842.90108,693.71178,413.49187,30.32899,558.23418,399.85943,-759.31198,686.56433,402.29753,90.3629,771.77879,254.84219,-163.37973,749.2247,335.08129,163.26479,901.15311,373.28028,-562.74303,849.89693,424.64549,-120.44513,1139.05014,358.99494,-403.60458,1071.7778,401.95516,40.27467,1173.30055,334.16681,-388.1963,1110.53322,381.33172,53.42987,1222.84225,428.70704,-521.79058,1139.08554,465.66487,-54.57235
opticalhsvbb550.png,up,416.9685,438.64743,26.24567,402.50061,425.22347,38.54787,402.61711,418.71909,38.45627,402.81799,412.2339,38.36314,401.8943,440.32727,52.64756,401.57185,445.15005,52.68928,401.28014,449.97219,52.46214,411.26896,397.58642,128.39563,408.82217,448.70018,189.03797,434.09821,426.26009,62.85429,433.22147,446.00703,79.93133,469.52206,357.25835,100.80729,495.15022,488.47631,232.26322,461.51649,321.82549,-161.87538,597.80548,501.69994,134.34977,401.66519,404.97129,-336.90929,636.61552,503.83236,-39.13623,386.38298,422.8245,-380.76889,657.40761,507.00385,-68.42813,380.42938,423.30146,-350.32322,646.11984,506.70186,-85.54317,391.51222,419.8648,-330.16426,641.6819,501.65883,-50.57644,727.67235,378.2558,-43.10138,733.83972,468.2522,43.02698,858.45291,394.85571,-357.11315,897.09183,484.10929,-218.86368,1057.52663,399.84359,-275.46331,1095.91415,456.44314,-186.77498,1077.60925,400.97364,-270.4162,1120.49255,440.11419,-189.04827,1147.0636,403.79515,-418.39184,1177.59995,477.31759,-354.30458
opticalhsvbb566.png,up,909.09729,317.08124,-421.85432,917.05368,302.05364,-462.80003,919.34471,295.42794,-462.83787,921.51352,288.85477,-462.97428,906.93886,319.25179,-467.22603,902.35382,323.68911,-467.33822,897.77222,328.20239,-467.55119,904.09782,260.97063,-504.39732,868.23143,322.64734,-522.69337,895.98663,302.29255,-416.76907,886.19736,318.13007,-421.83834,853.06984,173.01945,-366.19118,745.6987,348.1409,-479.96304,901.65016,168.36285,-46.97951,650.47714,386.44783,-259.62839,968.0072,196.5252,258.40649,710.81779,415.65288,-63.30475,984.28177,179.6067,267.37829,667.65633,440.54369,-85.64618,973.19305,199.95177,239.60495,688.64365,432.53955,-119.65064,960.62439,211.4825,254.65361,694.00887,419.57714,-71.70341,581.8924,161.89708,40.92751,554.96468,249.94714,-40.85763,460.86983,150.76364,391.1977,445.66696,235.95983,343.76392,333.15956,149.85785,815.84198,320.08125,211.70405,779.42825,297.00434,146.61496,865.21622,290.76862,198.18566,830.17258,352.69226,177.14987,865.08476,322.02663,239.17005,824.0239
opticalhsvbb601.png,up,283.66785,313.86437,159.82445,277.68322,302.05396,178.65519,278.93316,297.71033,178.62106,280.26279,293.33865,178.57204,275.98236,311.92042,187.65738,275.66046,315.08594,187.61057,275.34519,318.23296,187.44221,292.40301,285.54394,249.35432,284.91619,319.12899,289.88415,299.12281,309.90273,183.27906,296.19059,322.90681,194.64365,346.03939,267.78924,168.23278,339.81628,362.0102,294.67113,372.11517,309.86687,19.09479,390.92113,413.9297,214.47626,309.33552,357.36631,-60.16063,412.49371,450.17278,69.40196,296.93039,370.71673,-82.29925,422.29309,464.1706,42.96186,294.13158,365.95094,-68.38937,418.23513,458.91691,35.60414,301.87918,363.58944,-55.31437,416.54877,451.44363,62.14824,480.41138,336.96161,-52.81737,480.56835,401.20834,52.4306,492.61292,367.47495,-324.36119,524.50386,490.5683,-224.37698,599.9868,394.37468,-275.2445,663.56461,479.83247,-237.50616,614.51591,389.23479,-269.86637,685.48264,466.52408,-241.12051,650.51559,434.47516,-319.16616,707.21481,519.4514,-315.48054
opticalhsvbb79.png,up,190.17284,392.99654,170.37664,170.35404,384.741,131.25776,164.12167,381.5326,131.24599,164.78645,382.26877,131.26289,170.45597,384.60114,179.03625,163.15266,377.3723,179.05359,163.44452,376.37195,178.84615,173.11722,352.96926,18.69794,172.26864,352.04937,231.82922,206.36299,379.20238,136.86154,206.85192,381.08826,198.56916,251.09016,338.30711,-90.11376,257.94605,301.71787,319.41809,275.55933,444.57404,-111.582,301.217,395.13853,394.28692,155.05902,434.93345,65.98685,205.44754,409.00864,381.34747,125.87975,432.61135,64.86417,163.59776,420.72049,381.71211,127.85065,412.74905,58.83179,143.6042,411.53528,381.24763,137.90448,411.06741,70.534,162.61337,409.94698,378.46939,556.6375,318.49026,-107.7486,558.86803,297.82339,107.3771,766.96747,357.21462,-136.51525,768.34122,339.42462,32.41705,988.11249,363.10922,-258.09361,984.21059,336.68602,-89.03366,1024.30763,352.12278,-275.78405,1020.75226,322.26954,-107.54013,1038.20984,398.33229,-387.02477,1032.30057,371.04229,-210.07792
opticalhsvbb81.png,up,203.80997,331.24264,120.97556,189.38206,334.66566,70.05156,190.07542,336.42046,70.11258,190.90881,338.16369,70.23202,186.51119,327.10831,92.97132,185.41878,323.71673,92.90412,184.28936,320.18072,92.67922,200.42889,334.31278,-80.03914,190.25536,306.53817,21.80367,219.93191,330.23686,78.40325,217.33318,323.70306,107.47536,286.87485,352.11358,-140.28597,253.69551,252.91609,70.74149,334.24812,443.65952,-36.4668,282.6173,340.20352,238.39531,258.03064,454.39093,178.77565,223.92921,388.82731,377.7335,238.8283,460.78986,179.83681,207.64122,396.28844,392.29805,232.92528,446.11037,172.63666,206.09413,396.00842,375.53017,242.64013,441.18836,182.76772,214.50508,395.60596,375.58407,555.16247,319.52075,-61.55676,561.0508,251.27908,61.04487,748.48228,361.37106,18.08465,747.26974,304.44053,120.2595,942.39746,380.50135,7.22622,943.55469,331.33098,88.43096,975.11337,373.27432,5.76127,975.08949,330.79156,84.36851,989.20959,398.00883,-49.54708,995.4155,348.86789,14.29625
opticalhsvbb86.png,up,185.63103,299.11624,-206.84933,172.78656,289.39688,-195.19892,173.13545,283.11332,-195.17925,173.81584,276.87313,-195.18238,172.72125,304.52814,-170.96281,172.95113,308.37074,-170.88793,173.44372,313.32594,-170.9948,180.88341,260.02772,-98.44946,179.53938,308.74359,9.21297,201.05331,282.99689,-169.24337,199.39293,302.86895,-138.16139,257.72638,208.92747,-109.72002,281.80325,340.74637,95.57016,226.73418,272.8313,-159.72395,384.3071,378.11212,-10.55987,133.18744,347.94459,-16.7996,398.256,364.0582,-233.10381,109.23222,347.37124,-31.86264,407.67559,361.91844,-280.22491,109.48563,343.46506,-16.49232,397.75238,353.12985,-280.99096,116.82648,341.73615,-8.58726,395.84145,348.89297,-240.97525,525.6443,225.09982,-45.2398,517.01286,312.56219,45.12486,700.24147,238.51209,-137.47591,670.5098,375.3194,-101.20302,869.91402,283.92099,94.52204,837.78511,385.00111,139.03488,887.20764,291.6179,108.05163,855.90775,376.60918,158.67892,943.22502,306.87093,-75.82054,912.32452,397.64843,4.38377
opticalhsvbb90.png,up,199.08588,261.68807,-66.70282,178.79398,243.99133,-93.61775,179.7274,234.64316,-93.65099,181.10455,226.96612,-93.7082,179.35928,258.24562,-42.5505,180.35519,260.50801,-42.51068,181.23192,263.17019,-42.64352,193.9856,204.31272,-128.39487,190.12516,252.62059,97.61633,221.57166,243.93384,-73.87601,221.30844,264.57687,-8.46144,282.21981,171.49191,-241.04404,302.6585,235.37925,264.55189,339.32606,307.42454,-270.93237,382.71187,309.30425,196.71093,227.63897,329.89881,-22.26328,296.03321,303.98807,-28.73653,196.39439,338.65084,-28.83712,273.58912,302.53861,-60.01414,190.66284,321.19114,-28.13866,263.60035,295.7721,-46.49674,206.23524,316.97112,-13.54957,271.99814,291.21054,-34.6573,593.39836,173.3572,-160.85711,592.95502,221.44279,160.87976,776.68404,276.7143,-203.92725,750.48737,314.79398,188.91304,990.37933,299.89805,-203.91615,940.96489,330.94114,256.44466,1020.49042,281.0433,-208.36176,974.82979,315.68598,258.65356,1060.36766,385.69882,-336.56227,990.50171,398.50828,184.65012
